position,position_normalized,company,salary,salary_min,salary_max,salary_avg,city,experience,exp_min,exp_max,education_level,company_size,industry,skills,description,source,url,crawl_time
Java开发者,Java,智联未来科技有限公司,5K-24K,5000,24000,14500.0,北京,无经验,0,1,大专,50-200人,电子技术/半导体/集成电路,"['Java', 'Spring', '微服务', 'MySQL', '深度学习']",负责Java平台的架构设计和实现,智联招聘(模拟数据),https://sou.zhaopin.com/?kw=Java,2025-03-23 10:33:10
Java专家,Java,智联智慧互联网公司,12K-22K,12000,22000,17000.0,南京,10年以上,10,15,硕士,50-200人,云计算/大数据,"['Java', 'Spring', '微服务', 'MySQL', 'Docker', '深度学习']",参与Java核心模块的开发和维护,智联招聘(模拟数据),https://sou.zhaopin.com/?kw=Java,2025-03-23 10:33:10
Java开发工程师,Java,智联智慧网络科技,13K-28K,13000,28000,20500.0,深圳,无经验,0,1,大专,500-1000人,电子技术/半导体/集成电路,"['Java', 'Spring', '微服务', 'MySQL', 'Git', 'C++', 'Linux']",负责Java相关技术研发和系统优化,智联招聘(模拟数据),https://sou.zhaopin.com/?kw=Java,2025-03-23 10:33:10
Java技术经理,Java,智联未来科技有限公司,26K-38K,26000,38000,32000.0,广州,10年以上,10,15,硕士,5000-10000人,互联网/电子商务,"['Java', 'Spring', '微服务', 'MySQL', 'GCP']",参与Java核心模块的开发和维护,智联招聘(模拟数据),https://sou.zhaopin.com/?kw=Java,2025-03-23 10:33:10
Java专家,Java,智联创新互联网公司,16K-27K,16000,27000,21500.0,苏州,1-3年,1,3,硕士,500-1000人,计算机软件,"['Java', 'Spring', '微服务', 'MySQL', 'React']",参与Java项目的设计和开发,智联招聘(模拟数据),https://sou.zhaopin.com/?kw=Java,2025-03-23 10:33:10
Java工程师,Java,智联科技信息技术有限公司,10K-28K,10000,28000,19000.0,成都,1-3年,1,3,博士,1000-5000人,人工智能,"['Java', 'Spring', '微服务', 'MySQL', 'Git', 'Kubernetes', 'Angular']",负责Java系统的性能优化和问题排查,智联招聘(模拟数据),https://sou.zhaopin.com/?kw=Java,2025-03-23 10:33:10
Python架构师,Python,智联云计算信息技术有限公司,10K-29K,10000,29000,19500.0,北京,3-5年,3,5,硕士,10000人以上,互联网/电子商务,"['Python', 'Django', 'Flask', '数据分析', '微服务']",负责Python相关技术研发和系统优化,智联招聘(模拟数据),https://sou.zhaopin.com/?kw=Python,2025-03-23 10:33:12
Python专家,Python,智联未来科技有限公司,18K-26K,18000,26000,22000.0,北京,1-3年,1,3,博士,10000人以上,计算机软件,"['Python', 'Django', 'Flask', '数据分析', 'PyTorch', 'Java']",负责Python系统的性能优化和问题排查,智联招聘(模拟数据),https://sou.zhaopin.com/?kw=Python,2025-03-23 10:33:12
Python开发工程师,Python,智联智慧科技有限公司,28K-38K,28000,38000,33000.0,武汉,1-3年,1,3,不限,少于50人,云计算/大数据,"['Python', 'Django', 'Flask', '数据分析', 'GCP', 'CI/CD', '敏捷开发']",参与Python项目的设计和开发,智联招聘(模拟数据),https://sou.zhaopin.com/?kw=Python,2025-03-23 10:33:12
Python开发工程师,Python,智联创新科技有限公司,13K-20K,13000,20000,16500.0,北京,10年以上,10,15,本科,500-1000人,人工智能,"['Python', 'Django', 'Flask', '数据分析', 'Git', '计算机视觉', '自然语言处理']",参与Python项目的设计和开发,智联招聘(模拟数据),https://sou.zhaopin.com/?kw=Python,2025-03-23 10:33:12
Python开发工程师,Python,智联云计算信息技术有限公司,26K-31K,26000,31000,28500.0,武汉,10年以上,10,15,博士,10000人以上,互联网/电子商务,"['Python', 'Django', 'Flask', '数据分析', '机器学习']",参与Python项目的设计和开发,智联招聘(模拟数据),https://sou.zhaopin.com/?kw=Python,2025-03-23 10:33:12
Python技术经理,Python,智联智慧软件开发公司,25K-43K,25000,43000,34000.0,上海,10年以上,10,15,硕士,500-1000人,互联网/电子商务,"['Python', 'Django', 'Flask', '数据分析', 'React']",负责Python相关技术研发和系统优化,智联招聘(模拟数据),https://sou.zhaopin.com/?kw=Python,2025-03-23 10:33:12
Python开发者,Python,智联云计算信息技术有限公司,28K-35K,28000,35000,31500.0,深圳,1-3年,1,3,不限,500-1000人,电子技术/半导体/集成电路,"['Python', 'Django', 'Flask', '数据分析', 'HTML', '计算机视觉']",负责Python平台的架构设计和实现,智联招聘(模拟数据),https://sou.zhaopin.com/?kw=Python,2025-03-23 10:33:12
C++架构师,C++,智联智慧软件开发公司,23K-36K,23000,36000,29500.0,西安,10年以上,10,15,硕士,500-1000人,人工智能,"['Linux', 'Flask', '微服务']",负责C++平台的架构设计和实现,智联招聘(模拟数据),https://sou.zhaopin.com/?kw=C++,2025-03-23 10:33:13
C++开发工程师,C++,智联云计算网络科技,7K-15K,7000,15000,11000.0,深圳,1-3年,1,3,硕士,500-1000人,人工智能,"['Azure', 'TensorFlow', 'SQL', 'Angular', 'Django']",负责C++相关技术研发和系统优化,智联招聘(模拟数据),https://sou.zhaopin.com/?kw=C++,2025-03-23 10:33:13
C++技术经理,C++,智联未来科技有限公司,23K-40K,23000,40000,31500.0,广州,1-3年,1,3,本科,50-200人,云计算/大数据,"['微服务', 'Docker', 'SQL', 'Node.js', 'PyTorch']",负责C++相关技术研发和系统优化,智联招聘(模拟数据),https://sou.zhaopin.com/?kw=C++,2025-03-23 10:33:13
C++开发工程师,C++,智联智慧信息技术有限公司,28K-37K,28000,37000,32500.0,西安,1-3年,1,3,不限,50-200人,IT服务,"['Python', 'CSS', 'Flask', 'Docker', '自然语言处理', 'Node.js']",参与C++项目的设计和开发,智联招聘(模拟数据),https://sou.zhaopin.com/?kw=C++,2025-03-23 10:33:13
C++架构师,C++,智联智慧互联网公司,17K-35K,17000,35000,26000.0,杭州,10年以上,10,15,大专,50-200人,计算机软件,"['Spring', 'Vue', 'SQL', 'React', 'PyTorch']",参与C++核心模块的开发和维护,智联招聘(模拟数据),https://sou.zhaopin.com/?kw=C++,2025-03-23 10:33:13
前端技术经理,前端,智联科技软件开发公司,18K-25K,18000,25000,21500.0,广州,10年以上,10,15,不限,5000-10000人,IT服务,"['JavaScript', 'HTML', 'CSS', 'React', 'Vue', '机器学习', 'Azure']",参与前端项目的设计和开发,智联招聘(模拟数据),https://sou.zhaopin.com/?kw=前端,2025-03-23 10:33:14
前端专家,前端,智联创新互联网公司,19K-30K,19000,30000,24500.0,南京,3-5年,3,5,博士,50-200人,互联网/电子商务,"['JavaScript', 'HTML', 'CSS', 'React', 'Vue', 'Git']",负责前端平台的架构设计和实现,智联招聘(模拟数据),https://sou.zhaopin.com/?kw=前端,2025-03-23 10:33:14
前端开发者,前端,智联未来互联网公司,15K-35K,15000,35000,25000.0,武汉,5-10年,5,10,本科,50-200人,区块链,"['JavaScript', 'HTML', 'CSS', 'React', 'Vue', 'SQL']",参与前端核心模块的开发和维护,智联招聘(模拟数据),https://sou.zhaopin.com/?kw=前端,2025-03-23 10:33:14
前端技术经理,前端,智联未来软件开发公司,26K-40K,26000,40000,33000.0,武汉,3-5年,3,5,不限,10000人以上,人工智能,"['JavaScript', 'HTML', 'CSS', 'React', 'Vue', '机器学习', 'Docker', '数据分析']",参与前端核心模块的开发和维护,智联招聘(模拟数据),https://sou.zhaopin.com/?kw=前端,2025-03-23 10:33:14
前端开发者,前端,智联云计算网络科技,12K-21K,12000,21000,16500.0,北京,无经验,0,1,大专,500-1000人,电子技术/半导体/集成电路,"['JavaScript', 'HTML', 'CSS', 'React', 'Vue', 'Azure', 'Java', 'C++']",参与前端项目的设计和开发,智联招聘(模拟数据),https://sou.zhaopin.com/?kw=前端,2025-03-23 10:33:14
前端开发者,前端,智联未来科技有限公司,29K-42K,29000,42000,35500.0,成都,10年以上,10,15,本科,10000人以上,区块链,"['JavaScript', 'HTML', 'CSS', 'React', 'Vue', 'GCP', 'Git', 'AWS']",参与前端项目的设计和开发,智联招聘(模拟数据),https://sou.zhaopin.com/?kw=前端,2025-03-23 10:33:14
前端架构师,前端,智联未来软件开发公司,10K-27K,10000,27000,18500.0,南京,5-10年,5,10,硕士,少于50人,互联网/电子商务,"['JavaScript', 'HTML', 'CSS', 'React', 'Vue', 'Python', 'Node.js']",负责前端系统的性能优化和问题排查,智联招聘(模拟数据),https://sou.zhaopin.com/?kw=前端,2025-03-23 10:33:14
前端专家,前端,智联智慧软件开发公司,25K-30K,25000,30000,27500.0,南京,无经验,0,1,大专,50-200人,互联网/电子商务,"['JavaScript', 'HTML', 'CSS', 'React', 'Vue', 'Docker', 'Spring', 'SQL']",负责前端相关技术研发和系统优化,智联招聘(模拟数据),https://sou.zhaopin.com/?kw=前端,2025-03-23 10:33:14
前端专家,前端,智联科技软件开发公司,29K-49K,29000,49000,39000.0,北京,无经验,0,1,博士,50-200人,IT服务,"['JavaScript', 'HTML', 'CSS', 'React', 'Vue', '数据分析']",参与前端项目的设计和开发,智联招聘(模拟数据),https://sou.zhaopin.com/?kw=前端,2025-03-23 10:33:14
后端架构师,后端,智联创新软件开发公司,26K-40K,26000,40000,33000.0,苏州,5-10年,5,10,本科,500-1000人,人工智能,"['Node.js', 'CI/CD', 'HTML', 'Spring', 'Azure']",参与后端项目的设计和开发,智联招聘(模拟数据),https://sou.zhaopin.com/?kw=后端,2025-03-23 10:33:15
后端架构师,后端,智联未来信息技术有限公司,15K-24K,15000,24000,19500.0,北京,5-10年,5,10,本科,5000-10000人,计算机软件,"['数据分析', 'Angular', 'Linux', 'CSS']",参与后端项目的设计和开发,智联招聘(模拟数据),https://sou.zhaopin.com/?kw=后端,2025-03-23 10:33:15
后端专家,后端,智联云计算互联网公司,15K-29K,15000,29000,22000.0,北京,1-3年,1,3,本科,5000-10000人,区块链,"['C++', 'Docker', '微服务', 'Flask']",参与后端核心模块的开发和维护,智联招聘(模拟数据),https://sou.zhaopin.com/?kw=后端,2025-03-23 10:33:15
后端开发工程师,后端,智联云计算信息技术有限公司,18K-32K,18000,32000,25000.0,成都,1-3年,1,3,硕士,少于50人,电子技术/半导体/集成电路,"['微服务', 'Flask', 'Linux', 'Vue', 'JavaScript', 'Azure']",参与后端核心模块的开发和维护,智联招聘(模拟数据),https://sou.zhaopin.com/?kw=后端,2025-03-23 10:33:15
后端开发工程师,后端,智联云计算信息技术有限公司,30K-42K,30000,42000,36000.0,成都,5-10年,5,10,不限,500-1000人,人工智能,"['CSS', 'GCP', 'Linux']",参与后端项目的设计和开发,智联招聘(模拟数据),https://sou.zhaopin.com/?kw=后端,2025-03-23 10:33:15
后端开发者,后端,智联未来互联网公司,30K-49K,30000,49000,39500.0,南京,10年以上,10,15,硕士,少于50人,互联网/电子商务,"['机器学习', 'CSS', 'TensorFlow']",参与后端核心模块的开发和维护,智联招聘(模拟数据),https://sou.zhaopin.com/?kw=后端,2025-03-23 10:33:15
后端架构师,后端,智联科技科技有限公司,20K-35K,20000,35000,27500.0,武汉,3-5年,3,5,大专,10000人以上,云计算/大数据,"['React', 'HTML', 'Spring', 'Azure']",负责后端系统的性能优化和问题排查,智联招聘(模拟数据),https://sou.zhaopin.com/?kw=后端,2025-03-23 10:33:15
后端技术经理,后端,智联云计算科技有限公司,26K-45K,26000,45000,35500.0,南京,1-3年,1,3,本科,50-200人,IT服务,"['React', 'Node.js', 'Python', 'Flask']",负责后端平台的架构设计和实现,智联招聘(模拟数据),https://sou.zhaopin.com/?kw=后端,2025-03-23 10:33:15
全栈技术经理,全栈,智联智慧信息技术有限公司,18K-27K,18000,27000,22500.0,上海,1-3年,1,3,不限,500-1000人,计算机软件,"['Angular', 'AWS', '数据分析', 'TensorFlow', 'Kubernetes']",负责全栈平台的架构设计和实现,智联招聘(模拟数据),https://sou.zhaopin.com/?kw=全栈,2025-03-23 10:33:16
全栈开发工程师,全栈,智联科技软件开发公司,20K-32K,20000,32000,26000.0,深圳,3-5年,3,5,本科,500-1000人,人工智能,"['计算机视觉', 'Java', 'GCP']",负责全栈相关技术研发和系统优化,智联招聘(模拟数据),https://sou.zhaopin.com/?kw=全栈,2025-03-23 10:33:16
全栈开发工程师,全栈,智联科技信息技术有限公司,8K-20K,8000,20000,14000.0,武汉,1-3年,1,3,大专,5000-10000人,云计算/大数据,"['C++', 'Node.js', 'Azure', '计算机视觉']",负责全栈平台的架构设计和实现,智联招聘(模拟数据),https://sou.zhaopin.com/?kw=全栈,2025-03-23 10:33:16
全栈开发者,全栈,智联科技网络科技,20K-30K,20000,30000,25000.0,南京,3-5年,3,5,不限,500-1000人,计算机软件,"['Git', 'Flask', 'SQL', 'PyTorch', 'Python', 'Java']",参与全栈项目的设计和开发,智联招聘(模拟数据),https://sou.zhaopin.com/?kw=全栈,2025-03-23 10:33:16
全栈工程师,全栈,智联科技软件开发公司,28K-44K,28000,44000,36000.0,南京,1-3年,1,3,大专,500-1000人,电子技术/半导体/集成电路,"['React', 'PyTorch', 'JavaScript']",负责全栈相关技术研发和系统优化,智联招聘(模拟数据),https://sou.zhaopin.com/?kw=全栈,2025-03-23 10:33:16
全栈工程师,全栈,智联科技网络科技,23K-37K,23000,37000,30000.0,西安,无经验,0,1,本科,5000-10000人,电子技术/半导体/集成电路,"['机器学习', 'Linux', 'Kubernetes', 'AWS', 'CI/CD', '数据分析']",负责全栈系统的性能优化和问题排查,智联招聘(模拟数据),https://sou.zhaopin.com/?kw=全栈,2025-03-23 10:33:16
算法专家,算法,智联科技软件开发公司,7K-17K,7000,17000,12000.0,上海,无经验,0,1,不限,50-200人,电子技术/半导体/集成电路,"['Python', 'TensorFlow', 'PyTorch', '机器学习', '深度学习', 'JavaScript', 'Spring']",负责算法相关技术研发和系统优化,智联招聘(模拟数据),https://sou.zhaopin.com/?kw=算法,2025-03-23 10:33:17
算法专家,算法,智联智慧网络科技,5K-13K,5000,13000,9000.0,西安,1-3年,1,3,博士,1000-5000人,区块链,"['Python', 'TensorFlow', 'PyTorch', '机器学习', '深度学习', '数据分析', 'Azure', '微服务']",负责算法系统的性能优化和问题排查,智联招聘(模拟数据),https://sou.zhaopin.com/?kw=算法,2025-03-23 10:33:17
算法开发工程师,算法,智联未来信息技术有限公司,28K-45K,28000,45000,36500.0,南京,10年以上,10,15,硕士,500-1000人,电子技术/半导体/集成电路,"['Python', 'TensorFlow', 'PyTorch', '机器学习', '深度学习', 'HTML', '数据分析']",参与算法项目的设计和开发,智联招聘(模拟数据),https://sou.zhaopin.com/?kw=算法,2025-03-23 10:33:17
算法技术经理,算法,智联云计算互联网公司,29K-47K,29000,47000,38000.0,广州,5-10年,5,10,博士,1000-5000人,IT服务,"['Python', 'TensorFlow', 'PyTorch', '机器学习', '深度学习', 'HTML', 'JavaScript']",参与算法核心模块的开发和维护,智联招聘(模拟数据),https://sou.zhaopin.com/?kw=算法,2025-03-23 10:33:17
算法架构师,算法,智联科技信息技术有限公司,15K-34K,15000,34000,24500.0,深圳,1-3年,1,3,硕士,200-500人,IT服务,"['Python', 'TensorFlow', 'PyTorch', '机器学习', '深度学习', 'Spring', 'JavaScript']",负责算法相关技术研发和系统优化,智联招聘(模拟数据),https://sou.zhaopin.com/?kw=算法,2025-03-23 10:33:17
算法架构师,算法,智联云计算互联网公司,21K-33K,21000,33000,27000.0,上海,无经验,0,1,不限,5000-10000人,电子技术/半导体/集成电路,"['Python', 'TensorFlow', 'PyTorch', '机器学习', '深度学习', 'Linux', '敏捷开发', 'CI/CD']",负责算法平台的架构设计和实现,智联招聘(模拟数据),https://sou.zhaopin.com/?kw=算法,2025-03-23 10:33:17
算法工程师,算法,智联云计算互联网公司,27K-32K,27000,32000,29500.0,北京,1-3年,1,3,大专,少于50人,计算机软件,"['Python', 'TensorFlow', 'PyTorch', '机器学习', '深度学习', 'AWS', 'Django']",负责算法系统的性能优化和问题排查,智联招聘(模拟数据),https://sou.zhaopin.com/?kw=算法,2025-03-23 10:33:17
算法架构师,算法,智联创新信息技术有限公司,24K-31K,24000,31000,27500.0,苏州,10年以上,10,15,硕士,50-200人,电子技术/半导体/集成电路,"['Python', 'TensorFlow', 'PyTorch', '机器学习', '深度学习', 'Vue', 'Linux']",负责算法平台的架构设计和实现,智联招聘(模拟数据),https://sou.zhaopin.com/?kw=算法,2025-03-23 10:33:17
算法架构师,算法,智联智慧网络科技,15K-28K,15000,28000,21500.0,苏州,无经验,0,1,硕士,500-1000人,互联网/电子商务,"['Python', 'TensorFlow', 'PyTorch', '机器学习', '深度学习', 'C++', 'Docker']",负责算法平台的架构设计和实现,智联招聘(模拟数据),https://sou.zhaopin.com/?kw=算法,2025-03-23 10:33:17
人工智能技术经理,人工智能,智联云计算互联网公司,11K-28K,11000,28000,19500.0,西安,5-10年,5,10,本科,200-500人,电子技术/半导体/集成电路,"['Python', 'TensorFlow', 'PyTorch', '机器学习', '深度学习', '微服务']",负责人工智能平台的架构设计和实现,智联招聘(模拟数据),https://sou.zhaopin.com/?kw=人工智能,2025-03-23 10:33:18
人工智能开发工程师,人工智能,智联创新科技有限公司,30K-35K,30000,35000,32500.0,武汉,3-5年,3,5,不限,1000-5000人,计算机软件,"['Python', 'TensorFlow', 'PyTorch', '机器学习', '深度学习', 'Flask']",负责人工智能系统的性能优化和问题排查,智联招聘(模拟数据),https://sou.zhaopin.com/?kw=人工智能,2025-03-23 10:33:18
人工智能开发工程师,人工智能,智联创新信息技术有限公司,21K-37K,21000,37000,29000.0,南京,10年以上,10,15,博士,500-1000人,IT服务,"['Python', 'TensorFlow', 'PyTorch', '机器学习', '深度学习', 'Linux']",参与人工智能核心模块的开发和维护,智联招聘(模拟数据),https://sou.zhaopin.com/?kw=人工智能,2025-03-23 10:33:18
人工智能开发者,人工智能,智联科技科技有限公司,24K-36K,24000,36000,30000.0,苏州,10年以上,10,15,大专,200-500人,区块链,"['Python', 'TensorFlow', 'PyTorch', '机器学习', '深度学习', '微服务', 'Django']",负责人工智能相关技术研发和系统优化,智联招聘(模拟数据),https://sou.zhaopin.com/?kw=人工智能,2025-03-23 10:33:18
人工智能开发者,人工智能,智联创新软件开发公司,29K-42K,29000,42000,35500.0,北京,3-5年,3,5,本科,1000-5000人,云计算/大数据,"['Python', 'TensorFlow', 'PyTorch', '机器学习', '深度学习', 'Git']",参与人工智能核心模块的开发和维护,智联招聘(模拟数据),https://sou.zhaopin.com/?kw=人工智能,2025-03-23 10:33:18
人工智能开发工程师,人工智能,智联未来软件开发公司,15K-29K,15000,29000,22000.0,深圳,5-10年,5,10,不限,200-500人,区块链,"['Python', 'TensorFlow', 'PyTorch', '机器学习', '深度学习', 'Docker', '数据分析']",参与人工智能项目的设计和开发,智联招聘(模拟数据),https://sou.zhaopin.com/?kw=人工智能,2025-03-23 10:33:18
人工智能工程师,人工智能,智联未来科技有限公司,11K-28K,11000,28000,19500.0,南京,10年以上,10,15,不限,50-200人,IT服务,"['Python', 'TensorFlow', 'PyTorch', '机器学习', '深度学习', 'React']",参与人工智能核心模块的开发和维护,智联招聘(模拟数据),https://sou.zhaopin.com/?kw=人工智能,2025-03-23 10:33:18
人工智能开发者,人工智能,智联云计算信息技术有限公司,10K-22K,10000,22000,16000.0,北京,无经验,0,1,博士,50-200人,人工智能,"['Python', 'TensorFlow', 'PyTorch', '机器学习', '深度学习', '计算机视觉']",参与人工智能核心模块的开发和维护,智联招聘(模拟数据),https://sou.zhaopin.com/?kw=人工智能,2025-03-23 10:33:18
人工智能开发者,人工智能,智联智慧互联网公司,10K-23K,10000,23000,16500.0,西安,5-10年,5,10,本科,1000-5000人,互联网/电子商务,"['Python', 'TensorFlow', 'PyTorch', '机器学习', '深度学习', 'Docker', '微服务', 'Kubernetes']",负责人工智能系统的性能优化和问题排查,智联招聘(模拟数据),https://sou.zhaopin.com/?kw=人工智能,2025-03-23 10:33:18
人工智能开发者,人工智能,智联云计算网络科技,6K-16K,6000,16000,11000.0,西安,无经验,0,1,不限,200-500人,人工智能,"['Python', 'TensorFlow', 'PyTorch', '机器学习', '深度学习', 'AWS']",负责人工智能平台的架构设计和实现,智联招聘(模拟数据),https://sou.zhaopin.com/?kw=人工智能,2025-03-23 10:33:18
机器学习工程师,机器学习,智联创新网络科技,5K-18K,5000,18000,11500.0,成都,1-3年,1,3,大专,1000-5000人,IT服务,"['Python', 'TensorFlow', 'PyTorch', '机器学习', '深度学习', 'Java']",负责机器学习系统的性能优化和问题排查,智联招聘(模拟数据),https://sou.zhaopin.com/?kw=机器学习,2025-03-23 10:33:19
机器学习专家,机器学习,智联智慧互联网公司,22K-32K,22000,32000,27000.0,杭州,5-10年,5,10,大专,10000人以上,人工智能,"['Python', 'TensorFlow', 'PyTorch', '机器学习', '深度学习', 'Java', 'React', 'SQL']",参与机器学习核心模块的开发和维护,智联招聘(模拟数据),https://sou.zhaopin.com/?kw=机器学习,2025-03-23 10:33:19
机器学习专家,机器学习,智联智慧科技有限公司,7K-21K,7000,21000,14000.0,深圳,10年以上,10,15,不限,少于50人,电子技术/半导体/集成电路,"['Python', 'TensorFlow', 'PyTorch', '机器学习', '深度学习', 'GCP', 'Azure', 'SQL']",负责机器学习系统的性能优化和问题排查,智联招聘(模拟数据),https://sou.zhaopin.com/?kw=机器学习,2025-03-23 10:33:19
机器学习架构师,机器学习,智联智慧信息技术有限公司,16K-26K,16000,26000,21000.0,北京,1-3年,1,3,大专,少于50人,电子技术/半导体/集成电路,"['Python', 'TensorFlow', 'PyTorch', '机器学习', '深度学习', '敏捷开发', 'C++']",负责机器学习平台的架构设计和实现,智联招聘(模拟数据),https://sou.zhaopin.com/?kw=机器学习,2025-03-23 10:33:19
机器学习开发者,机器学习,智联未来软件开发公司,16K-32K,16000,32000,24000.0,苏州,1-3年,1,3,博士,50-200人,计算机软件,"['Python', 'TensorFlow', 'PyTorch', '机器学习', '深度学习', 'Vue', 'Git', '微服务']",参与机器学习核心模块的开发和维护,智联招聘(模拟数据),https://sou.zhaopin.com/?kw=机器学习,2025-03-23 10:33:19
机器学习开发工程师,机器学习,智联未来科技有限公司,22K-31K,22000,31000,26500.0,深圳,5-10年,5,10,不限,5000-10000人,区块链,"['Python', 'TensorFlow', 'PyTorch', '机器学习', '深度学习', 'React', 'CI/CD', 'Docker']",参与机器学习核心模块的开发和维护,智联招聘(模拟数据),https://sou.zhaopin.com/?kw=机器学习,2025-03-23 10:33:19
机器学习工程师,机器学习,智联创新网络科技,15K-34K,15000,34000,24500.0,武汉,10年以上,10,15,本科,200-500人,云计算/大数据,"['Python', 'TensorFlow', 'PyTorch', '机器学习', '深度学习', 'HTML']",负责机器学习相关技术研发和系统优化,智联招聘(模拟数据),https://sou.zhaopin.com/?kw=机器学习,2025-03-23 10:33:19
机器学习开发者,机器学习,智联云计算科技有限公司,15K-21K,15000,21000,18000.0,北京,5-10年,5,10,大专,5000-10000人,IT服务,"['Python', 'TensorFlow', 'PyTorch', '机器学习', '深度学习', 'JavaScript', 'CI/CD']",参与机器学习项目的设计和开发,智联招聘(模拟数据),https://sou.zhaopin.com/?kw=机器学习,2025-03-23 10:33:19
机器学习架构师,机器学习,智联云计算信息技术有限公司,14K-33K,14000,33000,23500.0,深圳,3-5年,3,5,不限,少于50人,计算机软件,"['Python', 'TensorFlow', 'PyTorch', '机器学习', '深度学习', '微服务', 'Flask', '计算机视觉']",参与机器学习核心模块的开发和维护,智联招聘(模拟数据),https://sou.zhaopin.com/?kw=机器学习,2025-03-23 10:33:19
深度学习技术经理,深度学习,智联创新互联网公司,9K-27K,9000,27000,18000.0,上海,5-10年,5,10,大专,200-500人,互联网/电子商务,"['C++', '敏捷开发', 'Angular', 'TensorFlow']",负责深度学习系统的性能优化和问题排查,智联招聘(模拟数据),https://sou.zhaopin.com/?kw=深度学习,2025-03-23 10:33:20
深度学习开发者,深度学习,智联创新网络科技,5K-17K,5000,17000,11000.0,成都,3-5年,3,5,本科,1000-5000人,互联网/电子商务,"['敏捷开发', 'Docker', 'Angular']",参与深度学习项目的设计和开发,智联招聘(模拟数据),https://sou.zhaopin.com/?kw=深度学习,2025-03-23 10:33:20
深度学习开发工程师,深度学习,智联科技互联网公司,25K-31K,25000,31000,28000.0,西安,3-5年,3,5,不限,500-1000人,云计算/大数据,"['计算机视觉', '微服务', '机器学习', 'PyTorch']",负责深度学习系统的性能优化和问题排查,智联招聘(模拟数据),https://sou.zhaopin.com/?kw=深度学习,2025-03-23 10:33:20
深度学习开发工程师,深度学习,智联科技科技有限公司,27K-41K,27000,41000,34000.0,西安,10年以上,10,15,博士,500-1000人,互联网/电子商务,"['Linux', 'Git', '自然语言处理']",负责深度学习系统的性能优化和问题排查,智联招聘(模拟数据),https://sou.zhaopin.com/?kw=深度学习,2025-03-23 10:33:20
深度学习技术经理,深度学习,智联云计算科技有限公司,8K-15K,8000,15000,11500.0,北京,5-10年,5,10,本科,200-500人,区块链,"['GCP', 'Docker', 'Node.js']",负责深度学习系统的性能优化和问题排查,智联招聘(模拟数据),https://sou.zhaopin.com/?kw=深度学习,2025-03-23 10:33:20
深度学习开发工程师,深度学习,智联创新网络科技,8K-24K,8000,24000,16000.0,南京,10年以上,10,15,大专,500-1000人,人工智能,"['AWS', 'GCP', 'CI/CD']",负责深度学习系统的性能优化和问题排查,智联招聘(模拟数据),https://sou.zhaopin.com/?kw=深度学习,2025-03-23 10:33:20
数据分析开发工程师,数据分析,智联科技信息技术有限公司,23K-34K,23000,34000,28500.0,上海,3-5年,3,5,不限,200-500人,IT服务,"['TensorFlow', 'AWS', 'CI/CD']",负责数据分析相关技术研发和系统优化,智联招聘(模拟数据),https://sou.zhaopin.com/?kw=数据分析,2025-03-23 10:33:21
数据分析工程师,数据分析,智联未来软件开发公司,17K-30K,17000,30000,23500.0,杭州,10年以上,10,15,硕士,5000-10000人,区块链,"['Kubernetes', 'Docker', 'React', '敏捷开发', 'HTML', 'TensorFlow']",负责数据分析相关技术研发和系统优化,智联招聘(模拟数据),https://sou.zhaopin.com/?kw=数据分析,2025-03-23 10:33:21
数据分析开发工程师,数据分析,智联云计算互联网公司,20K-35K,20000,35000,27500.0,南京,5-10年,5,10,不限,200-500人,电子技术/半导体/集成电路,"['Docker', 'PyTorch', '机器学习']",参与数据分析核心模块的开发和维护,智联招聘(模拟数据),https://sou.zhaopin.com/?kw=数据分析,2025-03-23 10:33:21
数据分析开发工程师,数据分析,智联未来科技有限公司,12K-23K,12000,23000,17500.0,苏州,无经验,0,1,不限,500-1000人,云计算/大数据,"['Linux', 'React', 'PyTorch']",参与数据分析项目的设计和开发,智联招聘(模拟数据),https://sou.zhaopin.com/?kw=数据分析,2025-03-23 10:33:21
数据分析架构师,数据分析,智联创新软件开发公司,21K-36K,21000,36000,28500.0,南京,1-3年,1,3,本科,1000-5000人,互联网/电子商务,"['TensorFlow', 'Flask', '微服务', 'JavaScript', 'GCP']",参与数据分析核心模块的开发和维护,智联招聘(模拟数据),https://sou.zhaopin.com/?kw=数据分析,2025-03-23 10:33:21
数据分析专家,数据分析,智联未来信息技术有限公司,7K-22K,7000,22000,14500.0,西安,3-5年,3,5,本科,50-200人,云计算/大数据,"['C++', 'Angular', 'Linux', 'TensorFlow', 'HTML']",参与数据分析项目的设计和开发,智联招聘(模拟数据),https://sou.zhaopin.com/?kw=数据分析,2025-03-23 10:33:21
数据分析工程师,数据分析,智联创新网络科技,18K-29K,18000,29000,23500.0,苏州,1-3年,1,3,本科,少于50人,IT服务,"['Python', 'Azure', 'Node.js', 'SQL', 'TensorFlow']",参与数据分析核心模块的开发和维护,智联招聘(模拟数据),https://sou.zhaopin.com/?kw=数据分析,2025-03-23 10:33:21
数据分析工程师,数据分析,智联云计算互联网公司,24K-29K,24000,29000,26500.0,南京,10年以上,10,15,博士,5000-10000人,互联网/电子商务,"['微服务', 'CSS', 'Python', '机器学习', 'Angular', 'HTML']",负责数据分析系统的性能优化和问题排查,智联招聘(模拟数据),https://sou.zhaopin.com/?kw=数据分析,2025-03-23 10:33:21
数据分析专家,数据分析,智联创新信息技术有限公司,30K-50K,30000,50000,40000.0,武汉,1-3年,1,3,大专,50-200人,电子技术/半导体/集成电路,"['AWS', 'Vue', 'Azure']",负责数据分析平台的架构设计和实现,智联招聘(模拟数据),https://sou.zhaopin.com/?kw=数据分析,2025-03-23 10:33:21
数据分析开发者,数据分析,智联云计算信息技术有限公司,20K-34K,20000,34000,27000.0,深圳,3-5年,3,5,本科,少于50人,电子技术/半导体/集成电路,"['JavaScript', 'GCP', '机器学习']",负责数据分析平台的架构设计和实现,智联招聘(模拟数据),https://sou.zhaopin.com/?kw=数据分析,2025-03-23 10:33:21
大数据开发工程师,大数据,智联科技软件开发公司,19K-25K,19000,25000,22000.0,上海,10年以上,10,15,不限,10000人以上,电子技术/半导体/集成电路,"['Hadoop', 'Spark', 'Hive', '数据仓库', 'ETL', 'TensorFlow', '自然语言处理', 'Linux']",负责大数据相关技术研发和系统优化,智联招聘(模拟数据),https://sou.zhaopin.com/?kw=大数据,2025-03-23 10:33:22
大数据技术经理,大数据,智联未来软件开发公司,9K-23K,9000,23000,16000.0,广州,10年以上,10,15,不限,少于50人,云计算/大数据,"['Hadoop', 'Spark', 'Hive', '数据仓库', 'ETL', '机器学习']",负责大数据相关技术研发和系统优化,智联招聘(模拟数据),https://sou.zhaopin.com/?kw=大数据,2025-03-23 10:33:22
大数据开发者,大数据,智联创新网络科技,25K-34K,25000,34000,29500.0,广州,无经验,0,1,硕士,1000-5000人,互联网/电子商务,"['Hadoop', 'Spark', 'Hive', '数据仓库', 'ETL', 'JavaScript']",负责大数据相关技术研发和系统优化,智联招聘(模拟数据),https://sou.zhaopin.com/?kw=大数据,2025-03-23 10:33:22
大数据开发者,大数据,智联云计算软件开发公司,29K-49K,29000,49000,39000.0,上海,5-10年,5,10,本科,50-200人,区块链,"['Hadoop', 'Spark', 'Hive', '数据仓库', 'ETL', 'AWS', 'Flask']",负责大数据平台的架构设计和实现,智联招聘(模拟数据),https://sou.zhaopin.com/?kw=大数据,2025-03-23 10:33:22
大数据开发者,大数据,智联创新信息技术有限公司,22K-27K,22000,27000,24500.0,西安,5-10年,5,10,大专,少于50人,云计算/大数据,"['Hadoop', 'Spark', 'Hive', '数据仓库', 'ETL', '机器学习']",负责大数据平台的架构设计和实现,智联招聘(模拟数据),https://sou.zhaopin.com/?kw=大数据,2025-03-23 10:33:22
大数据技术经理,大数据,智联未来科技有限公司,22K-32K,22000,32000,27000.0,西安,5-10年,5,10,博士,1000-5000人,电子技术/半导体/集成电路,"['Hadoop', 'Spark', 'Hive', '数据仓库', 'ETL', 'Docker', '自然语言处理']",参与大数据项目的设计和开发,智联招聘(模拟数据),https://sou.zhaopin.com/?kw=大数据,2025-03-23 10:33:22
大数据开发工程师,大数据,智联未来网络科技,24K-40K,24000,40000,32000.0,西安,5-10年,5,10,大专,5000-10000人,人工智能,"['Hadoop', 'Spark', 'Hive', '数据仓库', 'ETL', 'JavaScript', 'Node.js']",参与大数据核心模块的开发和维护,智联招聘(模拟数据),https://sou.zhaopin.com/?kw=大数据,2025-03-23 10:33:22
大数据工程师,大数据,智联科技科技有限公司,14K-20K,14000,20000,17000.0,成都,5-10年,5,10,硕士,1000-5000人,计算机软件,"['Hadoop', 'Spark', 'Hive', '数据仓库', 'ETL', 'Angular']",参与大数据项目的设计和开发,智联招聘(模拟数据),https://sou.zhaopin.com/?kw=大数据,2025-03-23 10:33:22
大数据开发者,大数据,智联智慧软件开发公司,29K-43K,29000,43000,36000.0,杭州,无经验,0,1,大专,50-200人,电子技术/半导体/集成电路,"['Hadoop', 'Spark', 'Hive', '数据仓库', 'ETL', 'Azure', 'Git']",负责大数据系统的性能优化和问题排查,智联招聘(模拟数据),https://sou.zhaopin.com/?kw=大数据,2025-03-23 10:33:22
大数据技术经理,大数据,智联智慧科技有限公司,23K-43K,23000,43000,33000.0,苏州,10年以上,10,15,大专,5000-10000人,电子技术/半导体/集成电路,"['Hadoop', 'Spark', 'Hive', '数据仓库', 'ETL', 'PyTorch']",参与大数据核心模块的开发和维护,智联招聘(模拟数据),https://sou.zhaopin.com/?kw=大数据,2025-03-23 10:33:22
云计算工程师,云计算,智联科技软件开发公司,30K-43K,30000,43000,36500.0,上海,10年以上,10,15,博士,200-500人,区块链,"['Spring', '数据分析', '深度学习', 'Vue']",负责云计算平台的架构设计和实现,智联招聘(模拟数据),https://sou.zhaopin.com/?kw=云计算,2025-03-23 10:33:23
云计算工程师,云计算,智联科技网络科技,29K-48K,29000,48000,38500.0,成都,1-3年,1,3,博士,1000-5000人,区块链,"['Node.js', 'Linux', 'Python']",参与云计算核心模块的开发和维护,智联招聘(模拟数据),https://sou.zhaopin.com/?kw=云计算,2025-03-23 10:33:23
云计算开发者,云计算,智联科技科技有限公司,11K-29K,11000,29000,20000.0,上海,无经验,0,1,博士,50-200人,电子技术/半导体/集成电路,"['Django', '机器学习', 'Azure', 'Git']",负责云计算平台的架构设计和实现,智联招聘(模拟数据),https://sou.zhaopin.com/?kw=云计算,2025-03-23 10:33:23
云计算专家,云计算,智联创新软件开发公司,23K-33K,23000,33000,28000.0,上海,10年以上,10,15,博士,10000人以上,电子技术/半导体/集成电路,"['计算机视觉', 'CI/CD', 'AWS', 'JavaScript', 'Git']",负责云计算相关技术研发和系统优化,智联招聘(模拟数据),https://sou.zhaopin.com/?kw=云计算,2025-03-23 10:33:23
云计算技术经理,云计算,智联创新信息技术有限公司,13K-24K,13000,24000,18500.0,杭州,1-3年,1,3,本科,1000-5000人,区块链,"['GCP', 'Linux', 'TensorFlow', '微服务', 'React']",参与云计算核心模块的开发和维护,智联招聘(模拟数据),https://sou.zhaopin.com/?kw=云计算,2025-03-23 10:33:23
云计算专家,云计算,智联科技信息技术有限公司,11K-31K,11000,31000,21000.0,北京,1-3年,1,3,硕士,5000-10000人,IT服务,"['Java', 'React', 'PyTorch', 'SQL', 'AWS']",负责云计算平台的架构设计和实现,智联招聘(模拟数据),https://sou.zhaopin.com/?kw=云计算,2025-03-23 10:33:23
运维开发者,运维,智联科技科技有限公司,7K-26K,7000,26000,16500.0,西安,10年以上,10,15,硕士,500-1000人,人工智能,"['机器学习', 'Python', 'Spring', 'CSS', 'Docker']",负责运维平台的架构设计和实现,智联招聘(模拟数据),https://sou.zhaopin.com/?kw=运维,2025-03-23 10:33:25
运维专家,运维,智联创新互联网公司,26K-42K,26000,42000,34000.0,成都,无经验,0,1,不限,少于50人,互联网/电子商务,"['计算机视觉', 'Django', '数据分析', 'React', 'Git', 'SQL']",参与运维核心模块的开发和维护,智联招聘(模拟数据),https://sou.zhaopin.com/?kw=运维,2025-03-23 10:33:25
运维架构师,运维,智联云计算网络科技,8K-27K,8000,27000,17500.0,西安,1-3年,1,3,硕士,5000-10000人,区块链,"['JavaScript', 'HTML', 'SQL', 'Kubernetes', 'Flask', 'Python']",负责运维平台的架构设计和实现,智联招聘(模拟数据),https://sou.zhaopin.com/?kw=运维,2025-03-23 10:33:25
运维工程师,运维,智联科技网络科技,24K-41K,24000,41000,32500.0,苏州,1-3年,1,3,不限,少于50人,电子技术/半导体/集成电路,"['机器学习', '敏捷开发', 'Python', 'Node.js']",参与运维项目的设计和开发,智联招聘(模拟数据),https://sou.zhaopin.com/?kw=运维,2025-03-23 10:33:25
运维架构师,运维,智联科技软件开发公司,15K-22K,15000,22000,18500.0,深圳,1-3年,1,3,大专,5000-10000人,云计算/大数据,"['Docker', '自然语言处理', 'Git', 'Node.js', 'JavaScript', 'TensorFlow']",负责运维相关技术研发和系统优化,智联招聘(模拟数据),https://sou.zhaopin.com/?kw=运维,2025-03-23 10:33:25
运维架构师,运维,智联科技网络科技,14K-32K,14000,32000,23000.0,苏州,3-5年,3,5,博士,5000-10000人,云计算/大数据,"['C++', 'Python', '微服务', 'Azure']",参与运维核心模块的开发和维护,智联招聘(模拟数据),https://sou.zhaopin.com/?kw=运维,2025-03-23 10:33:25
测试架构师,测试,智联智慧软件开发公司,9K-16K,9000,16000,12500.0,南京,1-3年,1,3,硕士,少于50人,人工智能,"['React', 'Angular', 'Azure']",参与测试项目的设计和开发,智联招聘(模拟数据),https://sou.zhaopin.com/?kw=测试,2025-03-23 10:33:25
测试技术经理,测试,智联未来软件开发公司,6K-25K,6000,25000,15500.0,武汉,1-3年,1,3,不限,少于50人,互联网/电子商务,"['PyTorch', 'Git', '敏捷开发', 'React', 'Azure', '深度学习']",负责测试相关技术研发和系统优化,智联招聘(模拟数据),https://sou.zhaopin.com/?kw=测试,2025-03-23 10:33:25
测试开发工程师,测试,智联云计算网络科技,20K-27K,20000,27000,23500.0,杭州,10年以上,10,15,本科,1000-5000人,人工智能,"['Django', 'Vue', 'Docker', 'CSS', 'HTML', '敏捷开发']",负责测试系统的性能优化和问题排查,智联招聘(模拟数据),https://sou.zhaopin.com/?kw=测试,2025-03-23 10:33:25
测试工程师,测试,智联云计算信息技术有限公司,5K-17K,5000,17000,11000.0,武汉,5-10年,5,10,硕士,50-200人,区块链,"['Kubernetes', 'CI/CD', 'Git', '自然语言处理']",负责测试平台的架构设计和实现,智联招聘(模拟数据),https://sou.zhaopin.com/?kw=测试,2025-03-23 10:33:25
测试技术经理,测试,智联未来网络科技,21K-35K,21000,35000,28000.0,上海,3-5年,3,5,不限,10000人以上,云计算/大数据,"['Django', 'Java', '深度学习', 'C++', 'Node.js', 'Flask']",负责测试系统的性能优化和问题排查,智联招聘(模拟数据),https://sou.zhaopin.com/?kw=测试,2025-03-23 10:33:25
测试技术经理,测试,智联智慧科技有限公司,13K-30K,13000,30000,21500.0,苏州,1-3年,1,3,博士,500-1000人,计算机软件,"['Git', 'JavaScript', 'CSS']",负责测试系统的性能优化和问题排查,智联招聘(模拟数据),https://sou.zhaopin.com/?kw=测试,2025-03-23 10:33:25
测试专家,测试,智联云计算软件开发公司,14K-19K,14000,19000,16500.0,杭州,无经验,0,1,不限,5000-10000人,互联网/电子商务,"['Python', 'CSS', 'React', 'Azure', 'C++']",负责测试平台的架构设计和实现,智联招聘(模拟数据),https://sou.zhaopin.com/?kw=测试,2025-03-23 10:33:25
测试开发者,测试,智联科技科技有限公司,24K-40K,24000,40000,32000.0,南京,5-10年,5,10,硕士,1000-5000人,区块链,"['Django', 'Python', 'Azure', '敏捷开发', 'Vue', 'TensorFlow']",负责测试系统的性能优化和问题排查,智联招聘(模拟数据),https://sou.zhaopin.com/?kw=测试,2025-03-23 10:33:25
开发技术经理,开发,智联未来科技有限公司,6K-20K,6000,20000,13000.0,上海,3-5年,3,5,大专,5000-10000人,区块链,"['React', 'Spring', 'Azure', 'Python']",负责开发平台的架构设计和实现,智联招聘(模拟数据),https://sou.zhaopin.com/?kw=开发,2025-03-23 10:33:26
开发开发工程师,开发,智联未来互联网公司,17K-25K,17000,25000,21000.0,杭州,1-3年,1,3,硕士,200-500人,计算机软件,"['SQL', '微服务', 'TensorFlow', '数据分析', 'Vue']",参与开发项目的设计和开发,智联招聘(模拟数据),https://sou.zhaopin.com/?kw=开发,2025-03-23 10:33:26
开发开发工程师,开发,智联云计算互联网公司,7K-22K,7000,22000,14500.0,广州,无经验,0,1,大专,500-1000人,IT服务,"['Vue', 'Spring', 'GCP', 'Docker']",参与开发项目的设计和开发,智联招聘(模拟数据),https://sou.zhaopin.com/?kw=开发,2025-03-23 10:33:26
开发技术经理,开发,智联科技信息技术有限公司,10K-23K,10000,23000,16500.0,北京,3-5年,3,5,本科,500-1000人,人工智能,"['自然语言处理', 'React', 'CI/CD', 'Docker']",负责开发平台的架构设计和实现,智联招聘(模拟数据),https://sou.zhaopin.com/?kw=开发,2025-03-23 10:33:26
开发开发者,开发,智联创新软件开发公司,15K-25K,15000,25000,20000.0,西安,1-3年,1,3,硕士,500-1000人,互联网/电子商务,"['敏捷开发', 'Vue', 'C++', 'React']",负责开发平台的架构设计和实现,智联招聘(模拟数据),https://sou.zhaopin.com/?kw=开发,2025-03-23 10:33:26
开发工程师,开发,智联未来软件开发公司,27K-45K,27000,45000,36000.0,深圳,1-3年,1,3,大专,200-500人,互联网/电子商务,"['CSS', 'CI/CD', 'Linux', 'GCP', 'Node.js']",参与开发项目的设计和开发,智联招聘(模拟数据),https://sou.zhaopin.com/?kw=开发,2025-03-23 10:33:26
开发开发工程师,开发,智联科技网络科技,9K-22K,9000,22000,15500.0,南京,无经验,0,1,博士,少于50人,互联网/电子商务,"['数据分析', 'Django', 'Kubernetes', 'CI/CD', 'Flask']",负责开发系统的性能优化和问题排查,智联招聘(模拟数据),https://sou.zhaopin.com/?kw=开发,2025-03-23 10:33:26
开发开发者,开发,智联创新网络科技,18K-27K,18000,27000,22500.0,苏州,3-5年,3,5,不限,1000-5000人,云计算/大数据,"['深度学习', 'Kubernetes', 'C++', 'Flask', 'Linux']",参与开发项目的设计和开发,智联招聘(模拟数据),https://sou.zhaopin.com/?kw=开发,2025-03-23 10:33:26
架构师开发者,架构师,智联创新网络科技,19K-34K,19000,34000,26500.0,成都,3-5年,3,5,博士,10000人以上,云计算/大数据,"['Java', 'Node.js', 'CI/CD', '机器学习', 'HTML']",参与架构师项目的设计和开发,智联招聘(模拟数据),https://sou.zhaopin.com/?kw=架构师,2025-03-23 10:33:28
架构师专家,架构师,智联创新互联网公司,24K-41K,24000,41000,32500.0,北京,1-3年,1,3,博士,5000-10000人,互联网/电子商务,"['AWS', 'Kubernetes', 'Java', 'Azure', '敏捷开发', 'CI/CD']",参与架构师项目的设计和开发,智联招聘(模拟数据),https://sou.zhaopin.com/?kw=架构师,2025-03-23 10:33:28
架构师开发工程师,架构师,智联科技网络科技,19K-38K,19000,38000,28500.0,杭州,3-5年,3,5,不限,200-500人,区块链,"['AWS', 'Angular', '敏捷开发', 'Linux']",负责架构师相关技术研发和系统优化,智联招聘(模拟数据),https://sou.zhaopin.com/?kw=架构师,2025-03-23 10:33:28
架构师架构师,架构师,智联智慧软件开发公司,30K-39K,30000,39000,34500.0,成都,1-3年,1,3,不限,少于50人,电子技术/半导体/集成电路,"['Git', 'PyTorch', 'JavaScript', 'CI/CD', 'React', 'C++']",负责架构师平台的架构设计和实现,智联招聘(模拟数据),https://sou.zhaopin.com/?kw=架构师,2025-03-23 10:33:28
架构师工程师,架构师,智联智慧网络科技,15K-31K,15000,31000,23000.0,上海,1-3年,1,3,博士,200-500人,人工智能,"['机器学习', '数据分析', 'React', 'C++', '敏捷开发', 'Docker']",负责架构师系统的性能优化和问题排查,智联招聘(模拟数据),https://sou.zhaopin.com/?kw=架构师,2025-03-23 10:33:28
架构师技术经理,架构师,智联未来软件开发公司,5K-25K,5000,25000,15000.0,西安,无经验,0,1,博士,50-200人,电子技术/半导体/集成电路,"['Node.js', '敏捷开发', 'Angular', 'Azure', 'Vue', 'Django']",负责架构师平台的架构设计和实现,智联招聘(模拟数据),https://sou.zhaopin.com/?kw=架构师,2025-03-23 10:33:28
架构师架构师,架构师,智联未来网络科技,16K-33K,16000,33000,24500.0,杭州,10年以上,10,15,不限,50-200人,云计算/大数据,"['自然语言处理', '深度学习', 'Vue']",参与架构师项目的设计和开发,智联招聘(模拟数据),https://sou.zhaopin.com/?kw=架构师,2025-03-23 10:33:28
架构师开发者,架构师,智联云计算科技有限公司,16K-35K,16000,35000,25500.0,深圳,10年以上,10,15,博士,200-500人,IT服务,"['机器学习', 'Docker', '敏捷开发', 'Java', '深度学习']",负责架构师系统的性能优化和问题排查,智联招聘(模拟数据),https://sou.zhaopin.com/?kw=架构师,2025-03-23 10:33:28
数据库开发工程师,数据库,智联科技互联网公司,12K-20K,12000,20000,16000.0,南京,3-5年,3,5,硕士,500-1000人,人工智能,"['Node.js', 'Vue', 'HTML', 'Docker']",参与数据库项目的设计和开发,智联招聘(模拟数据),https://sou.zhaopin.com/?kw=数据库,2025-03-23 10:33:29
数据库开发工程师,数据库,智联智慧互联网公司,22K-31K,22000,31000,26500.0,武汉,3-5年,3,5,不限,少于50人,区块链,"['Java', 'HTML', 'Vue', 'GCP']",负责数据库相关技术研发和系统优化,智联招聘(模拟数据),https://sou.zhaopin.com/?kw=数据库,2025-03-23 10:33:29
数据库专家,数据库,智联创新网络科技,14K-31K,14000,31000,22500.0,广州,1-3年,1,3,不限,5000-10000人,互联网/电子商务,"['Vue', 'Spring', 'GCP', 'Node.js', 'HTML', 'PyTorch']",负责数据库系统的性能优化和问题排查,智联招聘(模拟数据),https://sou.zhaopin.com/?kw=数据库,2025-03-23 10:33:29
数据库专家,数据库,智联云计算软件开发公司,14K-24K,14000,24000,19000.0,上海,10年以上,10,15,硕士,少于50人,云计算/大数据,"['Flask', '自然语言处理', 'React', '机器学习']",负责数据库平台的架构设计和实现,智联招聘(模拟数据),https://sou.zhaopin.com/?kw=数据库,2025-03-23 10:33:29
数据库开发工程师,数据库,智联科技网络科技,23K-31K,23000,31000,27000.0,广州,1-3年,1,3,博士,500-1000人,人工智能,"['计算机视觉', 'SQL', 'React']",参与数据库核心模块的开发和维护,智联招聘(模拟数据),https://sou.zhaopin.com/?kw=数据库,2025-03-23 10:33:29
数据库开发工程师,数据库,智联智慧网络科技,21K-29K,21000,29000,25000.0,北京,1-3年,1,3,硕士,50-200人,电子技术/半导体/集成电路,"['Python', 'HTML', '自然语言处理', 'Java']",参与数据库核心模块的开发和维护,智联招聘(模拟数据),https://sou.zhaopin.com/?kw=数据库,2025-03-23 10:33:29
数据库开发工程师,数据库,智联云计算网络科技,16K-25K,16000,25000,20500.0,深圳,3-5年,3,5,博士,少于50人,电子技术/半导体/集成电路,"['AWS', 'Azure', 'C++', '数据分析', '自然语言处理', 'Java']",负责数据库平台的架构设计和实现,智联招聘(模拟数据),https://sou.zhaopin.com/?kw=数据库,2025-03-23 10:33:29
网络安全开发工程师,网络安全,智联科技网络科技,10K-22K,10000,22000,16000.0,深圳,10年以上,10,15,硕士,5000-10000人,IT服务,"['机器学习', 'Azure', 'Spring']",负责网络安全系统的性能优化和问题排查,智联招聘(模拟数据),https://sou.zhaopin.com/?kw=网络安全,2025-03-23 10:33:30
网络安全开发者,网络安全,智联云计算互联网公司,8K-25K,8000,25000,16500.0,深圳,10年以上,10,15,大专,1000-5000人,云计算/大数据,"['微服务', 'CSS', 'Angular']",参与网络安全核心模块的开发和维护,智联招聘(模拟数据),https://sou.zhaopin.com/?kw=网络安全,2025-03-23 10:33:30
网络安全开发工程师,网络安全,智联云计算科技有限公司,18K-30K,18000,30000,24000.0,北京,5-10年,5,10,硕士,50-200人,IT服务,"['Docker', 'PyTorch', '计算机视觉', 'Java', 'Kubernetes', '自然语言处理']",负责网络安全相关技术研发和系统优化,智联招聘(模拟数据),https://sou.zhaopin.com/?kw=网络安全,2025-03-23 10:33:30
网络安全工程师,网络安全,智联云计算信息技术有限公司,7K-26K,7000,26000,16500.0,成都,10年以上,10,15,不限,1000-5000人,云计算/大数据,"['Django', 'GCP', '敏捷开发', 'Vue', '计算机视觉', 'AWS']",负责网络安全平台的架构设计和实现,智联招聘(模拟数据),https://sou.zhaopin.com/?kw=网络安全,2025-03-23 10:33:30
网络安全架构师,网络安全,智联智慧网络科技,16K-28K,16000,28000,22000.0,武汉,10年以上,10,15,不限,1000-5000人,人工智能,"['计算机视觉', '机器学习', 'React', 'Spring', 'Java']",负责网络安全平台的架构设计和实现,智联招聘(模拟数据),https://sou.zhaopin.com/?kw=网络安全,2025-03-23 10:33:30
网络安全开发者,网络安全,智联云计算网络科技,23K-32K,23000,32000,27500.0,北京,3-5年,3,5,硕士,5000-10000人,云计算/大数据,"['GCP', 'TensorFlow', '敏捷开发', 'C++']",负责网络安全系统的性能优化和问题排查,智联招聘(模拟数据),https://sou.zhaopin.com/?kw=网络安全,2025-03-23 10:33:30
网络安全专家,网络安全,智联创新信息技术有限公司,17K-34K,17000,34000,25500.0,武汉,5-10年,5,10,本科,少于50人,人工智能,"['Azure', '敏捷开发', 'Java', 'Python']",负责网络安全系统的性能优化和问题排查,智联招聘(模拟数据),https://sou.zhaopin.com/?kw=网络安全,2025-03-23 10:33:30
网络安全专家,网络安全,智联创新互联网公司,22K-36K,22000,36000,29000.0,苏州,无经验,0,1,大专,500-1000人,计算机软件,"['Python', '机器学习', '微服务', 'PyTorch']",参与网络安全核心模块的开发和维护,智联招聘(模拟数据),https://sou.zhaopin.com/?kw=网络安全,2025-03-23 10:33:30
网络安全技术经理,网络安全,智联智慧软件开发公司,25K-33K,25000,33000,29000.0,上海,5-10年,5,10,本科,500-1000人,区块链,"['Docker', 'Vue', '机器学习']",负责网络安全系统的性能优化和问题排查,智联招聘(模拟数据),https://sou.zhaopin.com/?kw=网络安全,2025-03-23 10:33:30
软件工程师工程师,软件工程师,智联科技互联网公司,9K-22K,9000,22000,15500.0,广州,10年以上,10,15,本科,少于50人,计算机软件,"['Azure', '机器学习', 'Git']",负责软件工程师平台的架构设计和实现,智联招聘(模拟数据),https://sou.zhaopin.com/?kw=软件工程师,2025-03-23 10:33:31
软件工程师开发工程师,软件工程师,智联未来科技有限公司,9K-17K,9000,17000,13000.0,上海,1-3年,1,3,博士,50-200人,互联网/电子商务,"['自然语言处理', 'C++', 'Python', 'HTML', '数据分析', '机器学习']",参与软件工程师项目的设计和开发,智联招聘(模拟数据),https://sou.zhaopin.com/?kw=软件工程师,2025-03-23 10:33:31
软件工程师开发工程师,软件工程师,智联创新软件开发公司,11K-29K,11000,29000,20000.0,北京,无经验,0,1,博士,200-500人,区块链,"['微服务', 'Docker', 'Node.js', '自然语言处理']",负责软件工程师相关技术研发和系统优化,智联招聘(模拟数据),https://sou.zhaopin.com/?kw=软件工程师,2025-03-23 10:33:31
软件工程师工程师,软件工程师,智联云计算软件开发公司,9K-25K,9000,25000,17000.0,南京,3-5年,3,5,不限,500-1000人,云计算/大数据,"['Docker', 'Java', 'Python', 'Node.js']",参与软件工程师核心模块的开发和维护,智联招聘(模拟数据),https://sou.zhaopin.com/?kw=软件工程师,2025-03-23 10:33:31
软件工程师工程师,软件工程师,智联创新信息技术有限公司,17K-23K,17000,23000,20000.0,西安,1-3年,1,3,不限,10000人以上,人工智能,"['Java', 'SQL', 'JavaScript', 'Docker', 'CI/CD']",负责软件工程师系统的性能优化和问题排查,智联招聘(模拟数据),https://sou.zhaopin.com/?kw=软件工程师,2025-03-23 10:33:31
软件工程师技术经理,软件工程师,智联智慧互联网公司,18K-34K,18000,34000,26000.0,西安,5-10年,5,10,本科,1000-5000人,云计算/大数据,"['敏捷开发', '微服务', 'Java']",负责软件工程师系统的性能优化和问题排查,智联招聘(模拟数据),https://sou.zhaopin.com/?kw=软件工程师,2025-03-23 10:33:31
软件工程师技术经理,软件工程师,智联云计算互联网公司,26K-44K,26000,44000,35000.0,西安,无经验,0,1,硕士,10000人以上,互联网/电子商务,"['Flask', '敏捷开发', 'Spring', 'Vue', 'CSS']",负责软件工程师相关技术研发和系统优化,智联招聘(模拟数据),https://sou.zhaopin.com/?kw=软件工程师,2025-03-23 10:33:31
软件工程师架构师,软件工程师,智联云计算信息技术有限公司,17K-24K,17000,24000,20500.0,成都,1-3年,1,3,本科,200-500人,区块链,"['GCP', 'Node.js', '数据分析', 'Vue']",参与软件工程师核心模块的开发和维护,智联招聘(模拟数据),https://sou.zhaopin.com/?kw=软件工程师,2025-03-23 10:33:31
程序员专家,程序员,智联云计算信息技术有限公司,27K-34K,27000,34000,30500.0,北京,1-3年,1,3,大专,200-500人,云计算/大数据,"['Flask', 'SQL', 'Azure', 'Docker', 'React']",负责程序员系统的性能优化和问题排查,智联招聘(模拟数据),https://sou.zhaopin.com/?kw=程序员,2025-03-23 10:33:32
程序员专家,程序员,智联科技信息技术有限公司,28K-33K,28000,33000,30500.0,苏州,5-10年,5,10,大专,少于50人,IT服务,"['微服务', 'CI/CD', 'HTML', '自然语言处理', 'JavaScript', 'Flask']",负责程序员平台的架构设计和实现,智联招聘(模拟数据),https://sou.zhaopin.com/?kw=程序员,2025-03-23 10:33:32
程序员架构师,程序员,智联云计算软件开发公司,10K-22K,10000,22000,16000.0,成都,无经验,0,1,博士,10000人以上,电子技术/半导体/集成电路,"['微服务', '敏捷开发', '深度学习']",参与程序员项目的设计和开发,智联招聘(模拟数据),https://sou.zhaopin.com/?kw=程序员,2025-03-23 10:33:32
程序员专家,程序员,智联智慧软件开发公司,30K-43K,30000,43000,36500.0,深圳,10年以上,10,15,博士,10000人以上,计算机软件,"['Node.js', '数据分析', 'AWS', 'React', '自然语言处理', 'HTML']",负责程序员相关技术研发和系统优化,智联招聘(模拟数据),https://sou.zhaopin.com/?kw=程序员,2025-03-23 10:33:32
程序员技术经理,程序员,智联智慧软件开发公司,24K-30K,24000,30000,27000.0,西安,5-10年,5,10,本科,500-1000人,互联网/电子商务,"['AWS', 'Azure', 'PyTorch', '敏捷开发', 'Kubernetes', '自然语言处理']",负责程序员系统的性能优化和问题排查,智联招聘(模拟数据),https://sou.zhaopin.com/?kw=程序员,2025-03-23 10:33:32
开发工程师技术经理,开发工程师,智联云计算信息技术有限公司,11K-25K,11000,25000,18000.0,南京,5-10年,5,10,硕士,少于50人,计算机软件,"['Python', 'TensorFlow', 'SQL']",负责开发工程师平台的架构设计和实现,智联招聘(模拟数据),https://sou.zhaopin.com/?kw=开发工程师,2025-03-23 10:33:33
开发工程师架构师,开发工程师,智联未来信息技术有限公司,29K-43K,29000,43000,36000.0,武汉,1-3年,1,3,不限,200-500人,IT服务,"['SQL', 'GCP', '敏捷开发']",负责开发工程师系统的性能优化和问题排查,智联招聘(模拟数据),https://sou.zhaopin.com/?kw=开发工程师,2025-03-23 10:33:33
开发工程师专家,开发工程师,智联智慧信息技术有限公司,26K-37K,26000,37000,31500.0,武汉,10年以上,10,15,硕士,5000-10000人,人工智能,"['计算机视觉', 'Linux', 'CI/CD']",参与开发工程师项目的设计和开发,智联招聘(模拟数据),https://sou.zhaopin.com/?kw=开发工程师,2025-03-23 10:33:33
开发工程师技术经理,开发工程师,智联科技信息技术有限公司,13K-29K,13000,29000,21000.0,成都,1-3年,1,3,本科,50-200人,人工智能,"['Java', 'CI/CD', '计算机视觉', 'Azure', 'C++', 'Angular']",参与开发工程师项目的设计和开发,智联招聘(模拟数据),https://sou.zhaopin.com/?kw=开发工程师,2025-03-23 10:33:33
开发工程师工程师,开发工程师,智联创新互联网公司,7K-25K,7000,25000,16000.0,成都,5-10年,5,10,大专,1000-5000人,云计算/大数据,"['Node.js', 'Angular', 'React', 'Linux', 'Django', 'Vue']",负责开发工程师相关技术研发和系统优化,智联招聘(模拟数据),https://sou.zhaopin.com/?kw=开发工程师,2025-03-23 10:33:33
